UUU,Phe
UUC,Phe<br>
UUA,Leu
UUG,Leu
CUU,Leu
CUC,Leu
CUA,Leu
CUG,Leu<br>
AUU,Ile
AUC,Ile
AUA,Ile
AUG,Met or start
GUU,Val<br>
GUC,Val
GUA,Val
GUG,Val
UCU,Ser
UCC,Ser
UCA,Ser
UCG,Ser
CCU,Pro
CCC,Pro<br>
CCA,Pro
CCG,Pro
ACU,Thr
ACC,Thr
ACA,Thr
ACG,Thr
GCU,Ala
GCC,Ala
GCA,Ala<br>
GCG,Ala
UAU,Tyr
UAC,Tyr
UAA,Stop<br>
UAG,Stop<br>
CAU,His
CAC,His
CAA,Gln
CAG,Gln
AAU,Asn
AAC,Asn
AAA,Lys
AAG,Lys<br>
GAU,Asp
GAC,Asp
GAA,Glu
GAG,Glu
UGU,Cys
UGC,Cys
UGA,Stop
UGG,Trp
CGU,Arg
CGC,Arg
CGA,Arg
CGG,Arg
AGU,Ser
AGC,Ser
AGA,Arg
AGG,Arg
GGU,Gly
GGC,Gly
GGA,Gly
GGG,Gly<br>
