H,,,,
Preperation of K2Cr2O7,FeCr2O4+Na2CO3+O2->Na2CrO4+H2SO4->Na2Cr2O7+KCl->K2Cr2O7,FeCr2O4 is found as ore FeO+Cr2O3 (Not FeCrO4). Cr2O7 is just CrO4 after making an anhydride link catalysed by acid. The first reaction is similar to Na2CO3 bead test in Oxidizing flame.,Add the reagants into reaction in the subsequent steps right away (For example like H2O in this reaction: RX+Mg->MgRX+H2O->RH+MgXOH). Ignore byproducts for this reaction. Ignore colours.,
K2Cr2O7+▲->,K2CrO4(yellow)+Cr2O3+O2,One of the Cr is going to stable ox state. The anhydride link is broken just like in N2O5. Generally pyrolysis driven by gas-ing or ppt-ing,,
Preparation of KMnO4,MnO2+KOH+O2->K2MnO4(green)+Cl2->KMnO4(purple),"MnO2 is found as ore. MnO4-- is stabilized in extremely basic medium, it servers as a good intermediate to move to MnO4-. Cl is used as its both a mild oxidizer and works against pH.",Add the reagants into reaction in the subsequent steps right away (For example like H2O in this reaction: RX+Mg->MgRX+H2O->RH+MgXOH). Ignore byproducts for this reaction.,
Preparation of Na2CrO4,3Na2O2(pale yellow)+Cr2O3(green)+H2O->2Na2CrO4(yellow)+NaOH,Na2O2+2H2O->2NaOH+H2O2; Cr+3 -> Cr+6;,,
Metal centres for which NH3 & pyridine are weak splitting,Co(II) Fe(II) Cu(II) Mn(II) Ni(IV),,"Use Roman numerals, Space seperated.",1
Most Stable Oxidation state of 3d series,3 4 5 3 2 3 3 2 2 2,"First three simply act like s block. All other metals follow t2g,eg trends except Mn and Fe prefer half filled d, Cu prefers +1 due to better hydration",Sc Ti V Cr Mn Fe Co Ni Cu Zn. Space Seperated.,2
KMnO4+▲->,K2MnO4(green)+MnO2(black)+O2,Oxidation half reaction of neutral medium happens. That gives basic oxide of K which makes rest of the reaction Oxidation half reaction of basic medium,,
AgCO3+▲(Mild)->,Ag2O(black)+CO2,,Drop (ppt) since all Ag salts are precipitates other than AgNO3,
Ag+HNO3->,AgNO3+NO2+H2O,"Ag is not exactly displacing H here. It is less reactive than H, but the anion is oxidizing and oxidizes Ag",,
Ag+HCl(conc)->,no rxn,"Unlike Group I test conditions, conc HCl doesnt let O2 interact with Ag and Ag cant displace H in Cl",,
Ag+Aqua Regia->,no rxn,"Although HNO3 is present, Protective layer of AgCl/AgNO3 is formed which will prevent reaction",,
Colours of the following compounds:,"Yellow, White, White, White, White, Pale Yellow, Yellow, Yellow, Brick Red",CO3 PO4 CrO4 Cr2O7 Br I show exceptional colours,"Ag2CO3, Ag2SO4, Ag2S2O3, AgOAc, AgCl, AgBr, AgI, Ag3PO4, Ag2CrO4",3
AgCO3+▲(Strong)->,Ag+CO2+O2,,,
AgNO3+NaOH->,"Ag2O(ppt,black)+NaNO3+H2O",Ag(OH) doesnt exist,,
AgO - True Form,Ag[AgO2],"Its diamagnetic, not d9",,
Ag2O+Glucose->,Ag+Gluconic Acid,It can do all oxidations Tollen's reagant can do. But not all oxidations that Br2/H2O can do,Use common name,
AgBr+💡->,Ag+Br2,Br radical generated using how AgBr is largely covalent,,
AgNO3(excess)+I2+H2O->,"AgI(ppt,yellow)+AgIO3(ppt)+HNO3",This reaction is characterized by disproportionation of I2,,
H2SO4+HgCl2+H2O->,"HgSO4.HgO(ppt,yellow)+HCl",,,
Na2CrO4+H2O2+HCl,CrO5(blue)+H2O+NaCl,CrO5 is stabilized in presence of an organic ligand,,
Cations whose hydrated Chlorides on pyrolysis give oxides,Sn(II) Mg Fe Al Zn Cu,,Include ox state in roman numerals if ambiguous,1
Ag+Na2S2O3(excess)->,Na3[Ag(S2O3)2],"Like SO3 and CO3, it dissolves on excess. But with S2O3 its because of complexation not bianion",,
ZnO+H2 (high T)->,H2O+Zn,"At high T, H reaches C in reactivity series/ellingham",,
Ash Test for Zinc,Co(NO3)2+ZnO->CoZnO2(Green)+NO2+O2,,,
ZnCl2+NH4OH(excess)->,[Zn(NH3)4]Cl2,Zn(OH)2 precipitate dissolves due to complexation,,
CuO+▲(<1800K)->,Cu2O(red) + O2,,,
CuCl2(aq) on Crystallization,CuCl2.2H2O(Green),"Cu+2 is generally Blue in solution, Green in crystal",,
CuCl2+HCl(excess)->,"H2[CuCl4](yellow)",Yellow and Blue mix to give Green,,
Water of Crystallization in the Sulphates:,"7,7,5,0",,"Zn, Fe(II), Cu(II), Ag",3
Ln+C (High T)->,Ln2C6,,Where Ln is a lanthanoid,
Diamagnetic Lanthanoids,Ce(IV) Yb(II) Lu(III),,Include roman numerals. Space seperate.,1
Fe+H2SO4->,FeSO4+H2,Fe(II) gains stability when full t2g prefered (Mostly in solution),,
FeSO4+▲->,Fe2O3+SO2+SO3,Fe(III) is more stable in air,,
Fe(COO)2 on Calcination->,FeO+CO+CO2,FeO is stable at high temperature given no O2 around. It will move to Fe2O3 and Fe on cooling,,
FeCl2+O2->,Fe2O3+FeCl3,Fe(III) is more stable in air. The Cl released oxidizes more FeCl2,,
FeCl2+H2O->,Fe3O4+HCl+H2,"Readily hydrolysed, in absense of O2 Magnetite is formed exceptionally",,
